test1,test1 von 1
test2,test2 von 2
test3,test3 von 3
test4,test4 von 4
test5,test5 von 5
test6,test6 von 6
test7,test7 von 7
test8,test8 von 8
test9,test9 von 9
test10,test10 von 10
test11,test11 von 11
test12,test12 von 12
test13,test13 von 13
test14,test14 von 14
test15,test15 von 15
test16,test16 von 16
test17,test17 von 17
test18,test18 von 18
test19,test19 von 19
test20,test20 von 20
test21,test21 von 21
test22,test22 von 22
test23,test23 von 23
test24,test24 von 24
test25,test25 von 25
test26,test26 von 26
test27,test27 von 27
test28,test28 von 28
test29,test29 von 29
test30,test30 von 30
test31,test31 von 31
test32,test32 von 32
test33,test33 von 33
test34,test34 von 34
test35,test35 von 35
test36,test36 von 36
test37,test37 von 37
test38,test38 von 38
test39,test39 von 39
test40,test40 von 40
test41,test41 von 41
test42,test42 von 42
test43,test43 von 43
test44,test44 von 44
test45,test45 von 45
test46,test46 von 46
test47,test47 von 47
test48,test48 von 48
test49,test49 von 49
test50,test50 von 50
test51,test51 von 51
test52,test52 von 52
test53,test53 von 53
test54,test54 von 54
test55,test55 von 55
test56,test56 von 56
test57,test57 von 57
test58,test58 von 58
test59,test59 von 59
test60,test60 von 60
test61,test61 von 61
test62,test62 von 62
test63,test63 von 63
test64,test64 von 64
test65,test65 von 65
test66,test66 von 66
test67,test67 von 67
test68,test68 von 68
test69,test69 von 69
test70,test70 von 70
test71,test71 von 71
test72,test72 von 72
test73,test73 von 73
test74,test74 von 74
test75,test75 von 75
test76,test76 von 76
test77,test77 von 77
test78,test78 von 78
test79,test79 von 79
test80,test80 von 80
test81,test81 von 81
test82,test82 von 82
test83,test83 von 83
test84,test84 von 84
test85,test85 von 85
test86,test86 von 86
test87,test87 von 87
test88,test88 von 88
test89,test89 von 89
test90,test90 von 90
test91,test91 von 91
test92,test92 von 92
test93,test93 von 93
test94,test94 von 94
test95,test95 von 95
test96,test96 von 96
test97,test97 von 97
test98,test98 von 98
test99,test99 von 99
test100,test100 von 100
